{"model":{"version":2,"nodes":[{"name":"RootNode","position":[0,0,0],"rotation":[0,0,0],"scale":[1,1,1]},{"name":"Coin","position":[0,0,0],"rotation":[90,-0,180],"scale":[1,1,1]}],"parents":[-1,0],"skins":[],"vertices":[{"position":{"type":"float32","components":3,"data":[-0.248661,0,0,-0.248661,1.45771,0,-0.248661,1.03076,-1.03076,0.248661,0,0,0.248661,1.03076,-1.03076,0.248661,1.45771,0,0.248661,1.45771,0,0.248661,1.03076,-1.03076,-0.248661,1.45771,0,-0.248661,1.03076,-1.03076,-0.248661,0,-1.45771,0.248661,0,-1.45771,-0.248661,0,-1.45771,-0.248661,1.03076,-1.03076,0.248661,0,-1.45771,0.248661,1.03076,-1.03076,-0.248661,-1.03076,-1.03076,0.248661,-1.03076,-1.03076,-0.248661,-1.03076,-1.03076,-0.248661,0,-1.45771,0.248661,-1.03076,-1.03076,0.248661,0,-1.45771,-0.248661,-1.45771,0,0.248661,-1.45771,0,-0.248661,-1.45771,0,-0.248661,-1.03076,-1.03076,0.248661,-1.45771,0,0.248661,-1.03076,-1.03076,-0.248661,-1.03076,1.03076,0.24866,-1.03076,1.03076,-0.248661,-1.03076,1.03076,-0.248661,-1.45771,0,0.24866,-1.03076,1.03076,0.248661,-1.45771,0,-0.248661,0,1.45771,0.24866,0,1.45771,-0.248661,0,1.45771,-0.248661,-1.03076,1.03076,0.24866,0,1.45771,0.24866,-1.03076,1.03076,-0.248661,1.03076,1.03076,0.24866,1.03076,1.03076,-0.248661,1.03076,1.03076,-0.248661,0,1.45771,0.24866,1.03076,1.03076,0.24866,0,1.45771,0.24866,1.03076,1.03076,-0.248661,1.45771,0,-0.248661,1.03076,1.03076,0.248661,1.45771,0]},"normal":{"type":"float32","components":3,"data":[-1,0,0,-1,0,0,-1,0,0,1,0,0,1,0,0,1,0,0,0,0.92388,-0.382684,0,0.92388,-0.382684,0,0.92388,-0.382684,0,0.92388,-0.382684,-1,0,0,1,0,0,0,0.382683,-0.92388,0,0.382683,-0.92388,0,0.382683,-0.92388,0,0.382683,-0.92388,-1,0,0,1,0,0,0,-0.382683,-0.923879,0,-0.382683,-0.923879,0,-0.382683,-0.923879,0,-0.382683,-0.923879,-1,0,0,1,0,0,0,-0.923879,-0.382683,0,-0.923879,-0.382683,0,-0.923879,-0.382683,0,-0.923879,-0.382683,-1,0,0,1,0,0,0,-0.92388,0.382684,0,-0.92388,0.382684,0,-0.92388,0.382684,0,-0.92388,0.382684,-1,0,0,1,0,0,0,-0.382683,0.92388,0,-0.382683,0.92388,0,-0.382683,0.92388,0,-0.382683,0.92388,-1,0,0,1,0,0,0,0.382683,0.92388,0,0.382683,0.92388,0,0.382683,0.92388,0,0.382683,0.92388,0,0.923879,0.382684,0,0.923879,0.382684,0,0.923879,0.382684,0,0.923879,0.382684]},"texCoord0":{"type":"float32","components":2,"data":[0.563488,0.813344,0.39093,0.813344,0.441471,0.691327,0.563334,0.816596,0.686109,0.693821,0.736965,0.816596,0.008801,0.806715,0.231391,0.806715,0.008801,0.983813,0.231391,0.983813,0.563488,0.640786,0.563334,0.642966,0.231391,0.983813,0.008801,0.983813,0.231391,0.806715,0.008801,0.806715,0.685505,0.691327,0.440559,0.693821,0.231391,0.983813,0.008801,0.983813,0.231391,0.806715,0.008801,0.806715,0.736046,0.813344,0.389704,0.816596,0.231391,0.983813,0.008801,0.983813,0.231391,0.806715,0.008801,0.806715,0.685505,0.935361,0.440559,0.939371,0.231391,0.983813,0.008801,0.983813,0.231391,0.806715,0.008801,0.806715,0.563488,0.985902,0.563334,0.990226,0.231391,0.983813,0.008801,0.983813,0.231391,0.806715,0.008801,0.806715,0.441471,0.935361,0.686109,0.939371,0.231391,0.983813,0.008801,0.983813,0.231391,0.806715,0.008801,0.806715,0.008801,0.806715,0.231391,0.983813,0.008801,0.983813,0.231391,0.806715]}}],"meshes":[{"aabb":{"min":[-0.248661,-1.45771,-1.45771],"max":[0.248661,1.45771,1.45771]},"vertices":0,"indices":[0,1,2,3,4,5,6,7,8,8,7,9,0,2,10,3,11,4,12,13,14,14,13,15,0,10,16,3,17,11,18,19,20,20,19,21,0,16,22,3,23,17,24,25,26,26,25,27,0,22,28,3,29,23,30,31,32,32,31,33,0,28,34,3,35,29,36,37,38,38,37,39,0,34,40,3,41,35,42,43,44,44,43,45,0,40,1,3,5,41,46,47,48,47,46,49],"type":"triangles","base":0,"count":96}],"meshInstances":[{"node":1,"mesh":0}]}}